City_ID,City,Country,Lat,Lng,Max Temp,Humidity,Cloudiness,Wind Speed,Current Description
0,Erice,IT,38.037,12.5865,55.76,94,20,1.14,few clouds
1,Cape Town,ZA,-33.9258,18.4232,62.11,88,40,11.5,scattered clouds
2,Saint-Philippe,RE,-21.3585,55.7679,71.15,77,15,6.22,few clouds
3,Coihaique,CL,-45.5752,-72.0662,55.35,54,0,4.61,clear sky
4,Hamilton,US,39.1834,-84.5333,50.99,84,90,1.01,overcast clouds
5,Calama,CL,-22.4667,-68.9333,55.89,18,0,1.14,clear sky
6,Chuy,UY,-33.6971,-53.4616,64.69,81,0,6.22,clear sky
7,Ushuaia,AR,-54.8,-68.3,47.86,49,0,3.44,clear sky
8,Mehran,IR,33.1222,46.1646,62.08,23,4,4.76,clear sky
9,Silifke,TR,36.3778,33.9344,69.17,56,99,6.31,overcast clouds
10,Morogoro,TZ,-6.8167,37.6667,69.98,88,20,0.0,few clouds
11,Quelimane,MZ,-17.8786,36.8883,72.97,79,84,7.4,light rain
12,Georgetown,MY,5.4112,100.3354,84.88,84,20,5.75,few clouds
13,Souillac,MU,-20.5167,57.5167,70.36,88,20,5.75,few clouds
14,Biloxi,US,30.396,-88.8853,75.2,94,90,14.97,mist
15,Ryazhsk,RU,53.7038,40.1109,39.58,84,100,9.44,overcast clouds
16,Tukrah,LY,32.5341,20.5791,68.41,85,3,7.74,clear sky
17,Port Alfred,ZA,-33.5906,26.891,66.87,83,100,26.4,overcast clouds
18,Masuguru,TZ,-11.3667,38.4167,74.75,74,24,4.32,few clouds
19,Viedma,AR,-40.8135,-62.9967,64.4,36,77,14.74,broken clouds
20,Coquimbo,CL,-29.9533,-71.3436,55.13,87,0,3.44,clear sky
21,Tasiilaq,GL,65.6145,-37.6368,32.16,70,25,7.11,scattered clouds
22,Asyut,EG,27.181,31.1837,69.98,29,51,1.92,broken clouds
23,Bathsheba,BB,13.2167,-59.5167,81.21,74,20,13.8,few clouds
24,Port Elizabeth,ZA,-33.918,25.5701,62.89,94,100,9.22,overcast clouds
25,Zhanaozen,KZ,43.3,52.8,35.92,52,0,8.9,clear sky
26,Mar Del Plata,AR,-38.0023,-57.5575,65.88,85,0,18.01,clear sky
27,Lerwick,GB,60.1545,-1.1494,51.8,90,100,8.1,overcast clouds
28,Victoria,HK,22.2855,114.1577,81.03,79,64,1.99,broken clouds
29,Meybod,IR,32.2501,54.0166,50.02,45,0,7.74,clear sky
30,Bredasdorp,ZA,-34.5322,20.0403,61.92,94,68,1.14,broken clouds
31,Sao Jose Da Coroa Grande,BR,-8.8978,-35.1478,76.41,79,2,8.59,clear sky
32,Lagoa,PT,39.05,-27.9833,66.9,76,100,26.51,overcast clouds
33,Asfi,MA,32.2994,-9.2372,64.65,84,0,7.05,clear sky
34,Visavadar,IN,21.3833,70.6833,74.1,55,1,6.96,clear sky
35,Riyadh,SA,24.6877,46.7219,71.74,22,75,11.21,broken clouds
36,Ladario,BR,-19.0047,-57.6017,76.28,79,92,3.31,overcast clouds
37,Saint-Honore,CA,48.5334,-71.0824,36.72,93,4,2.3,clear sky
38,East London,ZA,-33.0153,27.9116,66.78,82,100,20.11,overcast clouds
39,Adrar,MR,20.5022,-10.0711,70.43,55,79,7.27,broken clouds
40,Angoche,MZ,-16.2325,39.9086,77.61,74,96,15.79,light rain
41,Kovur,IN,14.4833,79.9833,78.19,64,97,9.95,overcast clouds
42,Bredy,RU,52.4153,60.3411,31.78,63,98,18.54,overcast clouds
43,Clyde River,CA,70.4692,-68.5914,26.8,83,100,3.4,overcast clouds
44,Kurchum,KZ,48.5722,83.6542,45.79,66,99,1.7,overcast clouds
45,Olinda,BR,-8.0089,-34.8553,78.53,78,75,11.5,broken clouds
46,Castro,BR,-24.7911,-50.0119,61.32,96,100,7.76,overcast clouds
47,Saurimo,AO,-9.6608,20.3916,63.32,95,48,3.8,light rain
48,Ibra,OM,22.6906,58.5334,73.47,65,98,5.35,overcast clouds
49,Mahebourg,MU,-20.4081,57.7,70.25,88,20,5.75,few clouds
50,Ancud,CL,-41.8697,-73.8203,51.33,92,2,3.69,clear sky
51,Bambous Virieux,MU,-20.3428,57.7575,70.21,88,20,5.75,few clouds
52,Srivardhan,IN,18.0333,73.0167,73.98,62,20,6.33,few clouds
53,Morales,CO,2.757,-76.6172,61.45,97,98,0.49,overcast clouds
54,Saldanha,ZA,-33.0117,17.9442,60.85,96,59,9.53,light rain
55,Punta Arenas,CL,-53.15,-70.9167,46.51,66,0,10.36,clear sky
56,Muros,ES,42.7762,-9.0603,60.84,83,37,8.19,scattered clouds
57,Talara,PE,-4.5772,-81.2719,65.23,89,100,16.28,overcast clouds
58,Dikson,RU,73.5069,80.5464,3.13,97,47,6.04,scattered clouds
59,Vila Velha,BR,-20.3297,-40.2925,75.15,88,75,4.61,broken clouds
60,Sambava,MG,-14.2667,50.1667,70.45,91,13,2.39,few clouds
61,Kavaratti,IN,10.5669,72.642,79.34,79,100,2.57,overcast clouds
62,San Carlos Del Zulia,VE,9.0,-71.9135,78.13,87,100,3.31,overcast clouds
63,Sur,OM,22.5667,59.5289,76.14,69,0,6.62,clear sky
64,Mahibadhoo,MV,3.7833,72.9667,80.31,79,83,8.01,broken clouds
65,Balkanabat,TM,39.5108,54.3671,45.34,73,0,5.28,clear sky
66,Baoro,CF,5.6667,15.9667,67.33,96,90,0.31,light rain
67,Ribeira Grande,PT,38.5167,-28.7,68.4,74,100,20.78,overcast clouds
68,Ilulissat,GL,69.2167,-51.1,15.82,57,79,5.75,broken clouds
69,Hermanus,ZA,-34.4187,19.2345,60.91,93,18,2.42,few clouds
70,Karatau,KZ,43.1667,70.4667,45.55,63,100,1.3,overcast clouds
71,Stulovo,RU,58.7225,50.1439,35.6,97,100,10.18,overcast clouds
72,Araripe,BR,-7.2125,-40.0461,75.13,56,54,11.45,broken clouds
73,Busselton,AU,-33.65,115.3333,53.04,51,95,9.19,overcast clouds
74,Jamestown,US,42.097,-79.2353,46.04,94,1,1.99,clear sky
75,Tuskegee,US,32.424,-85.6916,65.55,100,100,1.99,overcast clouds
76,La Palma,US,33.8464,-118.0467,82.99,43,1,1.01,clear sky
77,Joao Pessoa,BR,-7.115,-34.8631,77.23,83,20,6.91,few clouds
78,Saint George,US,37.1041,-113.5841,63.36,46,1,4.61,clear sky
79,Vardo,NO,70.3705,31.1107,34.48,54,100,14.88,overcast clouds
80,Olavarria,AR,-36.8927,-60.3225,70.05,53,85,9.33,overcast clouds
81,Gebre Guracha,ET,9.8,38.4,52.16,57,83,2.8,broken clouds
82,Saint Anthony,US,45.0205,-93.218,54.55,70,90,3.0,overcast clouds
83,Salalah,OM,17.0151,54.0924,71.69,53,0,2.3,clear sky
84,Urucara,BR,-2.5364,-57.76,73.96,97,100,2.28,light rain
85,Batticaloa,LK,7.7102,81.6924,80.2,77,99,11.32,overcast clouds
86,Dharchula,IN,29.85,80.5333,56.93,42,0,6.29,clear sky
87,South Milwaukee,US,42.9106,-87.8606,52.95,79,75,17.27,broken clouds
88,Koslan,RU,63.4564,48.8989,29.91,94,100,11.12,light snow
89,Iqaluit,CA,63.7506,-68.5145,28.13,92,75,0.0,broken clouds
90,Gazli,UZ,40.1333,63.45,44.51,72,100,7.7,overcast clouds
91,Bahia Blanca,AR,-38.7196,-62.2724,77.59,26,88,10.45,overcast clouds
92,Voka,EE,59.3997,27.5817,46.69,86,100,18.57,overcast clouds
93,Kewanee,US,41.2456,-89.9248,53.78,63,100,13.76,overcast clouds
94,Koygorodok,RU,60.445,50.9968,33.39,98,100,7.63,overcast clouds
95,Arraial Do Cabo,BR,-22.9661,-42.0278,71.98,91,99,14.07,overcast clouds
96,Teshie,GH,5.5836,-0.1072,79.36,89,0,3.44,light rain
97,Nizwa,OM,22.9333,57.5333,72.25,77,55,3.91,broken clouds
98,Shahreza,IR,32.0339,51.8794,44.04,48,0,5.19,clear sky
99,Ponta Do Sol,PT,32.6667,-17.1,68.72,66,15,2.64,few clouds
100,Taltal,CL,-25.4,-70.4833,63.95,64,15,2.46,few clouds
101,Yenagoa,NG,4.9247,6.2642,75.29,94,74,2.82,broken clouds
102,Bogalusa,US,30.791,-89.8487,72.79,88,90,4.61,overcast clouds
103,Gornopravdinsk,RU,60.05,69.9,29.71,96,100,10.04,light snow
104,Boa Vista,BR,2.8197,-60.6733,80.58,74,20,5.75,few clouds
105,Nanortalik,GL,60.1432,-45.2371,33.87,65,41,4.34,scattered clouds
106,Torbay,CA,47.6666,-52.7314,39.58,88,75,10.36,broken clouds
107,Covington,US,39.0837,-84.5086,51.48,85,90,6.91,overcast clouds
108,Appleton,US,44.2619,-88.4154,50.36,79,90,4.0,overcast clouds
109,Kruisfontein,ZA,-34.0033,24.7314,63.55,86,100,5.7,overcast clouds
110,Kudahuvadhoo,MV,2.6708,72.8944,81.41,76,58,9.86,broken clouds
111,Luderitz,NA,-26.6481,15.1594,65.68,62,96,2.55,overcast clouds
112,Nuuk,GL,64.1835,-51.7216,30.81,74,20,6.91,few clouds
113,Porto San Giorgio,IT,43.1827,13.7934,55.85,78,9,8.14,clear sky
114,Bilma,NE,18.6853,12.9164,77.67,18,1,2.57,clear sky
115,Rorvik,NO,64.8621,11.2373,50.92,90,100,24.7,light rain
116,Hithadhoo,MV,-0.6,73.0833,82.72,69,68,13.87,broken clouds
117,Margate,GB,51.3813,1.3862,57.31,86,59,5.01,broken clouds
118,Pangnirtung,CA,66.1451,-65.7125,24.53,86,100,1.88,overcast clouds
119,Ilhabela,BR,-23.7781,-45.3581,71.35,99,100,2.98,heavy intensity rain
120,Lahij,YE,13.1667,44.5833,75.15,59,8,3.44,clear sky
121,Maxixe,MZ,-23.8597,35.3472,70.32,72,98,12.59,light rain
122,Namibe,AO,-15.1961,12.1522,68.04,65,89,9.86,overcast clouds
123,Qaanaaq,GL,77.484,-69.3632,21.15,95,100,9.86,overcast clouds
124,Inirida,CO,3.8653,-67.9239,72.3,98,94,2.48,overcast clouds
125,Dudinka,RU,69.4058,86.1778,-10.25,100,94,2.86,overcast clouds
126,Brigantine,US,39.4101,-74.3646,59.05,77,40,8.05,scattered clouds
127,Praia Da Vitoria,PT,38.7333,-27.0667,66.45,82,40,12.86,scattered clouds
128,Halifax,CA,44.6453,-63.5724,48.47,93,100,8.99,overcast clouds
129,Mandali,IQ,33.7499,45.5541,72.57,23,1,7.14,clear sky
130,Aswan,EG,24.0934,32.907,77.67,33,0,8.3,clear sky
131,Arlit,NE,18.7369,7.3853,80.28,14,6,5.12,clear sky
132,Ambovombe,MG,-25.1667,46.0833,66.67,73,100,19.08,light rain
133,Cockburn Town,TC,21.4612,-71.1419,82.58,69,19,0.43,few clouds
134,Plouzane,FR,48.3833,-4.6167,59.09,94,90,13.8,overcast clouds
135,Laguna,US,38.421,-121.4238,68.94,74,1,4.0,clear sky
136,Kisangani,CD,0.5167,25.2,69.51,99,100,1.43,overcast clouds
137,Dombarovskiy,RU,50.7587,59.5386,29.97,61,37,12.12,scattered clouds
138,Inhambane,MZ,-23.865,35.3833,71.04,71,98,14.18,light rain
139,Road Town,VG,18.4167,-64.6167,82.49,64,0,11.5,clear sky
140,Itai,BR,-23.4178,-49.0906,65.1,96,100,11.25,overcast clouds
141,Emba,KZ,48.8264,58.1442,30.22,49,29,6.6,scattered clouds
142,Yuzhne,UA,46.6221,31.1013,37.62,70,21,8.9,few clouds
143,Eyl,SO,7.9803,49.8164,76.71,82,10,6.98,clear sky
144,Ravar,IR,31.2656,56.8055,52.54,36,78,2.01,broken clouds
145,Sao Filipe,CV,14.8961,-24.4956,78.82,78,100,8.25,overcast clouds
146,Ngara,TZ,-2.5122,30.6558,58.03,90,99,1.88,light rain
147,Trincomalee,LK,8.5711,81.2335,78.91,80,100,6.98,overcast clouds
148,Hofn,IS,64.2539,-15.2082,39.22,87,90,5.75,overcast clouds
149,Upata,VE,8.0086,-62.3989,70.27,98,100,3.15,overcast clouds
150,Cidreira,BR,-30.1811,-50.2056,67.62,91,0,12.71,clear sky
151,Kuito,AO,-12.3833,16.9333,59.0,86,74,1.61,light rain
152,Melilla,ES,35.2937,-2.9383,64.78,82,75,6.91,broken clouds
153,Morondava,MG,-20.2833,44.2833,71.6,85,1,12.26,clear sky
154,Saint-Georges,GD,12.0564,-61.7485,82.08,78,75,10.36,broken clouds
155,Pervoavgustovskiy,RU,52.2264,35.0552,40.96,90,100,11.25,light rain
156,Barkhan,PK,29.8977,69.5256,58.57,41,0,2.33,clear sky
157,Xuddur,SO,4.1213,43.8894,70.95,88,0,7.85,clear sky
158,Korla,CN,41.7597,86.1469,48.11,42,0,3.06,clear sky
159,Grindavik,IS,63.8424,-22.4338,37.87,81,0,11.5,clear sky
160,Praia,CV,14.9215,-23.5087,79.34,78,75,17.27,broken clouds
161,Tenancingo,MX,19.1472,-98.1806,57.51,90,5,3.83,clear sky
162,Ngaoundere,CM,7.3167,13.5833,65.62,91,99,2.08,light rain
163,Longyearbyen,SJ,78.2186,15.6401,21.04,68,75,8.05,broken clouds
164,Nevel,RU,56.0209,29.9284,51.28,90,100,12.53,overcast clouds
165,Cap Malheureux,MU,-19.9842,57.6142,70.47,74,0,1.01,clear sky
166,Saint-Pierre,RE,-21.3393,55.4781,71.24,65,0,8.05,clear sky
167,Puerto Madryn,AR,-42.7692,-65.0385,66.88,43,11,20.02,few clouds
168,Muzhi,RU,65.3667,64.6667,22.12,95,100,13.82,snow
169,Sechura,PE,-5.5569,-80.8222,66.0,80,100,13.58,overcast clouds
170,Chipinge,ZW,-20.1883,32.6236,59.65,91,97,7.07,light rain
171,Veinticinco De Mayo,AR,-35.4323,-60.1727,76.98,47,79,9.91,broken clouds
172,Kamskiye Polyany,RU,55.4307,51.4171,36.41,96,100,16.04,light rain
173,Tahoua,NE,14.8888,5.2692,82.44,19,8,4.92,clear sky
174,General Roca,AR,-39.0333,-67.5833,75.6,20,90,4.18,overcast clouds
175,Salvador,SV,13.8333,-88.9167,72.0,97,29,0.76,scattered clouds
176,Asino,RU,56.9979,86.1452,26.2,72,12,8.43,few clouds
177,Sao Joao Da Barra,BR,-21.6403,-41.0511,73.13,90,24,10.56,few clouds
178,Prainha,BR,-1.8,-53.48,74.28,92,100,2.82,overcast clouds
179,Acari,PE,-15.4311,-74.6158,69.1,73,29,3.2,scattered clouds
180,Abu Samrah,SY,35.3029,37.1841,63.41,42,98,1.79,overcast clouds
181,Henties Bay,NA,-22.116,14.2845,60.85,76,21,1.63,few clouds
182,Avila,ES,40.5833,-5.0,42.66,58,2,4.52,clear sky
183,Marawi,PH,7.9986,124.2928,71.65,64,70,1.9,broken clouds
184,Awjilah,LY,29.1081,21.2869,68.52,57,3,3.91,clear sky
185,Lasa,IT,46.6166,10.7002,30.94,35,0,3.04,clear sky
186,Sanandaj,IR,35.3144,46.9923,46.24,28,3,2.93,clear sky
187,Constantine,DZ,36.365,6.6147,51.21,93,20,3.44,few clouds
188,Los Llanos De Aridane,ES,28.6585,-17.9182,64.15,75,0,5.99,clear sky
189,Camacha,PT,33.0833,-16.3333,64.53,77,20,3.44,few clouds
190,Masallatah,LY,32.6167,14.0,66.65,79,20,16.87,few clouds
191,Basmat,IN,19.3167,77.1667,68.07,68,19,7.34,few clouds
192,Havoysund,NO,70.9963,24.6622,29.28,71,1,23.44,clear sky
193,Numan,NG,9.4667,12.0333,77.52,65,17,4.74,few clouds
194,Angicos,BR,-5.6656,-36.6011,78.1,64,3,16.53,clear sky
195,Klaksvik,FO,62.2266,-6.589,47.32,83,75,15.93,broken clouds
196,San Rafael,AR,-34.6177,-68.3301,80.85,22,100,21.85,overcast clouds
197,Pitimbu,BR,-7.4706,-34.8086,77.59,78,46,13.73,scattered clouds
198,Maceio,BR,-9.6658,-35.7353,76.44,94,20,3.44,few clouds
199,Upernavik,GL,72.7868,-56.1549,19.92,81,29,5.68,scattered clouds
200,Purranque,CL,-40.9167,-73.1667,58.33,93,1,3.62,clear sky
201,Lubaczow,PL,50.157,23.1234,41.52,79,78,5.95,broken clouds
202,Yar-Sale,RU,66.8333,70.8333,14.99,89,100,11.81,overcast clouds
203,Hlotse,LS,-28.8718,28.045,59.18,78,100,3.27,overcast clouds
204,Moose Factory,CA,51.2585,-80.6094,37.4,100,1,3.44,clear sky
205,Chardara,KZ,41.2547,67.9692,52.09,44,100,13.42,overcast clouds
206,Las Palmas,ES,28.4204,-14.0131,65.19,73,58,6.91,broken clouds
207,Mitsamiouli,KM,-11.3847,43.2844,78.39,77,8,6.69,light rain
208,San Andres,CO,12.5847,-81.7006,84.22,84,40,4.61,scattered clouds
209,Abha,SA,18.2164,42.5053,57.02,67,0,4.61,clear sky
210,Maldonado,UY,-34.6667,-54.9167,67.39,76,0,5.86,clear sky
211,Rundu,NA,-17.9333,19.7667,68.18,73,57,9.19,broken clouds
212,Mazamari,PE,-11.3258,-74.5308,75.24,69,91,1.66,overcast clouds
213,Ostersund,SE,63.1792,14.6357,43.61,75,40,12.66,scattered clouds
214,Francisco Beltrao,BR,-26.0811,-53.055,63.09,70,99,4.27,overcast clouds
215,Ginda,IN,30.6945,78.4932,48.36,37,0,7.11,clear sky
216,Aquidauana,BR,-20.4711,-55.7872,75.27,85,100,3.27,overcast clouds
217,Rawson,AR,-43.3002,-65.1023,68.32,38,0,20.96,clear sky
218,Nazca,PE,-14.8333,-74.95,70.63,57,8,1.3,clear sky
219,Pushkinskiye Gory,RU,57.0209,28.9103,50.41,82,53,12.41,broken clouds
220,Krasnoborsk,RU,61.5598,45.934,35.85,92,100,9.44,overcast clouds
221,Svetlyy,RU,54.675,20.1347,57.25,89,100,14.05,overcast clouds
222,Alvand,IR,36.3187,49.1678,37.4,53,74,0.58,broken clouds
223,Mountrath,IE,52.9989,-7.4728,57.76,96,100,6.42,overcast clouds
224,Safaga,EG,26.7292,33.9365,71.55,40,0,8.97,clear sky
225,Rosendal,NO,59.9867,6.0135,57.52,91,100,6.89,overcast clouds
226,Geraldton,AU,-28.7667,114.6,68.41,42,90,11.5,overcast clouds
227,Touros,BR,-5.1989,-35.4608,79.7,76,5,15.14,clear sky
228,Mao,ES,39.8885,4.2658,57.76,82,20,4.61,few clouds
229,Caarapo,BR,-22.6342,-54.8222,71.17,82,98,4.61,overcast clouds
230,Surgana,IN,20.5667,73.6167,67.73,72,7,5.77,clear sky
231,Ponta Delgada,PT,37.7333,-25.6667,68.72,77,20,13.8,few clouds
232,Aketi,CD,2.7388,23.7833,69.06,98,96,1.97,overcast clouds
233,Sistranda,NO,63.7256,8.834,50.9,88,98,24.11,overcast clouds
234,Tambo,PE,-14.8,-73.9167,39.92,55,5,2.21,clear sky
235,Grand Gaube,MU,-20.0064,57.6608,70.38,74,0,1.01,clear sky
236,Asarganj,IN,25.15,86.6833,73.65,67,30,4.38,scattered clouds
237,Honningsvag,NO,70.9821,25.9704,33.26,63,6,24.25,clear sky
238,Brae,GB,60.3964,-1.353,51.71,87,100,11.65,overcast clouds
239,Novaya Ladoga,RU,60.1025,32.3019,42.01,93,100,7.87,light rain
240,Hatillo,PR,18.4863,-66.8254,80.11,80,9,6.11,clear sky
241,Chalon-Sur-Saone,FR,46.7833,4.85,45.21,94,0,3.0,clear sky
242,Kresttsy,RU,58.2452,32.5165,47.88,96,100,9.28,light rain
243,Knysna,ZA,-34.0363,23.0471,67.57,89,100,5.44,overcast clouds
244,Mercedes,AR,-34.6515,-59.4307,79.84,52,14,8.99,few clouds
245,Port-Cartier,CA,50.0334,-66.8654,28.51,68,0,7.4,clear sky
246,Sabla,NG,12.7525,4.7077,81.16,33,21,7.61,few clouds
247,Hobyo,SO,5.3505,48.5268,78.04,79,6,4.43,light rain
248,Ambanja,MG,-13.6833,48.45,72.1,88,38,2.24,scattered clouds
249,Vondrozo,MG,-22.8167,47.2833,63.39,97,24,3.69,light rain
250,Urengoy,RU,65.9667,78.3667,3.9,98,79,5.68,broken clouds
251,Perigueux,FR,45.1833,0.7167,50.95,82,0,6.06,clear sky
252,Salinopolis,BR,-0.6136,-47.3561,79.77,81,64,9.24,broken clouds
253,Bainbridge,US,47.6262,-122.5212,53.83,83,90,1.99,overcast clouds
254,Atar,MR,20.5169,-13.0499,78.73,49,100,3.09,overcast clouds
255,Arica,CL,-18.475,-70.3042,61.03,82,0,2.3,clear sky
256,Belyy,RU,55.8402,32.9419,46.83,94,100,12.53,light rain
257,Tabuk,PH,17.4189,121.4443,77.47,80,97,6.85,overcast clouds
258,Taoudenni,ML,22.6783,-3.9836,83.73,23,100,12.53,overcast clouds
259,Alta Floresta,BR,-9.8756,-56.0861,71.89,97,100,2.19,overcast clouds
260,Mahanoro,MG,-19.9,48.8,70.88,86,53,7.25,broken clouds
261,Mbandaka,CD,0.0487,18.2603,69.06,97,100,3.15,overcast clouds
262,Dambovicioara,RO,45.45,25.2333,31.64,64,19,1.61,few clouds
263,Freeport,US,40.6576,-73.5832,59.25,72,75,1.99,broken clouds
264,Kemin,KG,42.7846,75.6892,45.41,90,100,1.28,overcast clouds
265,Rio Branco,BR,-9.9747,-67.81,79.41,83,40,1.14,scattered clouds
266,Trapani,IT,37.8333,12.6667,62.69,94,20,1.14,few clouds
267,Vestmannaeyjar,IS,63.4427,-20.2734,42.37,73,79,11.88,broken clouds
268,Narsaq,GL,60.9167,-46.05,30.42,60,22,6.82,few clouds
269,Pisco,PE,-13.7,-76.2167,62.02,82,0,14.97,clear sky
270,Cabedelo,BR,-6.9811,-34.8339,77.67,80,37,13.31,scattered clouds
271,San Cristobal,VE,7.7669,-72.225,69.98,100,100,3.38,overcast clouds
272,Pizarro,CO,4.9533,-77.366,78.08,88,99,3.27,light rain
273,Axim,GH,4.8699,-2.2405,76.6,90,16,4.59,light rain
274,Vidalia,US,32.2177,-82.4135,59.29,77,1,3.44,clear sky
275,Eisiskes,LT,54.1667,25.0,52.18,87,100,13.38,overcast clouds
276,Husavik,IS,66.0449,-17.3389,33.71,95,100,4.18,overcast clouds
277,Paso De Carrasco,UY,-34.8603,-56.0522,75.34,43,0,0.0,clear sky
278,Vicuna,CL,-30.0319,-70.7081,47.93,53,32,1.03,scattered clouds
279,Mushie,CD,-3.0167,16.9,68.31,98,99,3.2,overcast clouds
280,Kaduna,NG,10.5222,7.4383,74.48,75,21,3.51,few clouds
281,Bay Saint Louis,US,30.3088,-89.33,73.49,95,75,9.22,thunderstorm
282,Doka,SD,13.5167,35.7667,75.07,59,16,4.18,few clouds
283,Gori,GE,41.9842,44.1158,35.87,79,0,1.23,clear sky
284,Traiguen,CL,-38.25,-72.6833,47.17,95,3,4.34,clear sky
285,Patos De Minas,BR,-18.5789,-46.5181,73.42,66,91,4.72,overcast clouds
286,Leh,IN,34.1667,77.5833,22.84,61,0,3.91,clear sky
287,Watertown,US,42.3709,-71.1828,52.14,87,90,5.01,overcast clouds
288,Okahandja,NA,-21.9833,16.9167,66.83,75,57,13.78,broken clouds
289,Dingle,PH,10.9995,122.6711,84.11,77,81,12.35,broken clouds
290,Tazovskiy,RU,67.4667,78.7,1.65,97,81,6.71,broken clouds
291,Kirkenaer,NO,60.4564,12.0582,49.48,97,100,6.15,overcast clouds
292,Bubaque,GW,11.2833,-15.8333,81.81,77,61,7.4,light rain
293,Kibala,TD,9.1104,18.3463,78.75,78,0,0.0,clear sky
294,Rio Cuarto,AR,-33.1307,-64.3499,71.83,18,93,14.72,overcast clouds
295,Marzuq,YE,14.4,46.4667,67.73,38,0,4.45,clear sky
296,Bafoulabe,ML,13.8065,-10.8321,82.04,59,65,1.05,broken clouds
297,Totma,RU,59.9747,42.7642,39.36,97,100,8.12,overcast clouds
298,Puquio,PE,-14.7,-74.1333,52.45,58,11,2.42,few clouds
299,Aiken,US,33.5835,-81.5998,53.44,86,3,4.09,clear sky
300,Bouar,CF,5.934,15.596,64.45,94,68,1.77,light rain
301,Bonito,BR,-21.1211,-56.4819,74.46,74,84,2.51,broken clouds
302,Santa Maria,BR,-29.6842,-53.8069,70.9,64,0,5.75,clear sky
303,Ndele,CF,8.4109,20.6473,72.86,85,100,2.71,overcast clouds
304,Bonthe,SL,7.5264,-12.505,77.85,86,69,4.27,light rain
305,Iquitos,PE,-3.7481,-73.2472,77.04,94,20,3.44,few clouds
306,Thompson,CA,55.7435,-97.8558,41.16,100,90,2.3,mist
307,Soverato,IT,38.685,16.5499,58.95,85,16,6.08,few clouds
308,Kalemie,CD,-5.9475,29.1947,73.53,69,57,1.81,broken clouds
309,Yangambi,CD,0.8102,24.4336,68.88,99,96,0.4,light rain
310,Lebu,CL,-37.6167,-73.65,52.48,90,2,13.04,clear sky
311,Lapithos,CY,35.3375,33.1792,65.08,68,100,2.42,overcast clouds
312,Sonkovo,RU,57.7782,37.1571,39.2,95,100,8.32,light rain
313,Dasoguz,TM,41.8363,59.9666,40.95,87,0,6.91,clear sky
314,Nosivka,UA,50.9315,31.5828,41.2,92,100,8.81,overcast clouds
315,Paita,PE,-5.0892,-81.1144,65.26,86,100,13.33,overcast clouds
316,Giyon,ET,8.5333,37.9833,54.45,57,58,7.56,broken clouds
317,Jalu,LY,29.0331,21.5482,68.18,59,6,3.67,clear sky
318,Tiznit,MA,29.5833,-9.5,58.12,80,15,2.21,few clouds
319,Biltine,TD,14.5333,20.9167,78.57,17,11,7.96,few clouds
320,Paamiut,GL,61.994,-49.6678,30.78,69,99,14.5,overcast clouds
321,Smolenskaya,RU,44.7887,38.8018,33.62,78,0,3.09,clear sky
322,Malakal,SS,9.5334,31.6605,73.18,81,62,3.74,broken clouds
323,San Vicente,AR,-26.6167,-54.1333,60.66,74,46,3.44,light rain
324,Derzhavinsk,KZ,51.1,66.3167,30.65,46,74,14.25,broken clouds
325,Kumluca,TR,36.3703,30.2869,67.1,62,100,3.02,light rain
326,Kolokani,ML,13.5728,-8.0339,79.99,40,17,6.69,few clouds
327,Alappuzha,IN,9.49,76.3264,74.41,95,100,1.68,overcast clouds
328,Garissa,KE,-0.4536,39.6401,73.87,87,36,11.63,scattered clouds
329,Espanola,US,35.9911,-106.0806,51.66,36,0,7.36,clear sky
330,Syava,RU,58.0146,46.3222,40.98,86,99,11.12,overcast clouds
331,Bandarbeyla,SO,9.4942,50.8122,74.79,71,0,4.97,clear sky
332,Koszalin,PL,54.1944,16.1722,54.88,85,100,11.92,overcast clouds
333,Boulsa,BF,12.6675,-0.5758,82.74,43,90,7.4,overcast clouds
334,Hambantota,LK,6.1241,81.1185,75.54,100,20,5.75,few clouds
335,Bani Walid,LY,31.7566,13.9942,64.24,78,0,12.39,clear sky
336,Moussoro,TD,13.6408,16.4901,82.36,15,59,9.55,broken clouds
337,Pasni,PK,25.2631,63.471,77.13,60,0,1.05,clear sky
338,Lingsugur,IN,16.1667,76.5167,69.64,66,72,7.14,broken clouds
339,Tefe,BR,-3.3542,-64.7114,73.6,99,96,1.32,overcast clouds
340,Carnarvon,AU,-24.8667,113.6333,69.87,35,90,17.27,overcast clouds
341,Porto Velho,BR,-8.7619,-63.9039,80.65,78,20,3.44,few clouds
342,Gilau,RO,46.7324,23.3617,27.05,58,18,2.84,few clouds
343,Turkistan,KZ,43.0,68.0,48.2,49,100,8.97,overcast clouds
344,Ondjiva,AO,-17.0667,15.7333,69.82,41,48,5.01,scattered clouds
345,Atbasar,KZ,51.8,68.3333,29.16,48,57,13.22,broken clouds
346,Uige,AO,-7.6087,15.0613,67.57,98,97,1.3,overcast clouds
347,Marystown,CA,47.1666,-55.1483,43.86,100,100,5.01,overcast clouds
348,Faya,SA,18.3851,42.4509,57.31,63,92,3.53,overcast clouds
349,Cap-Aux-Meules,CA,47.3821,-61.8597,48.25,71,75,23.02,broken clouds
350,Davydivka,UA,48.121,25.5646,37.42,73,83,3.89,broken clouds
351,Linhares,BR,-19.3911,-40.0722,70.25,92,6,2.89,clear sky
352,Salinas,US,36.6777,-121.6555,69.57,77,1,6.91,clear sky
353,Japura,ID,-0.3167,102.35,81.5,81,100,2.51,light rain
354,Mus,TR,39.0,41.75,40.05,48,0,3.87,clear sky
355,Aras,ES,42.5617,-2.356,49.98,93,0,2.3,clear sky
356,Clonmel,IE,52.355,-7.7039,58.41,97,100,6.44,overcast clouds
357,Charyshskoye,RU,51.3978,83.5598,27.18,96,100,1.97,overcast clouds
358,Comodoro Rivadavia,AR,-45.8667,-67.5,66.06,34,0,11.5,clear sky
359,Bandar-E Lengeh,IR,26.5579,54.8807,79.68,72,3,11.95,clear sky
360,Santiago Del Estero,AR,-27.7951,-64.2615,81.81,19,11,13.0,few clouds
361,Sayyan,YE,15.1718,44.3244,51.75,33,4,3.8,clear sky
362,Howard,US,39.2504,-76.933,61.25,84,0,1.01,clear sky
363,Carutapera,BR,-1.195,-46.02,78.49,83,7,5.68,clear sky
364,Nedjo,ET,9.5046,35.5019,57.58,87,96,0.2,overcast clouds
365,Svetlogorsk,BY,52.6333,29.7333,46.81,85,100,13.42,overcast clouds
366,Arkhangelsk,RU,64.5401,40.5433,23.11,93,40,2.24,scattered clouds
367,Kalabo,ZM,-14.97,22.6814,75.4,43,79,2.64,broken clouds
368,Jenison,US,42.9072,-85.792,50.47,94,100,1.01,overcast clouds
369,Chapais,CA,49.7834,-74.8492,33.58,81,18,5.14,few clouds
370,Rio Brilhante,BR,-21.8019,-54.5464,73.44,86,99,4.9,overcast clouds
371,Gulabpura,IN,25.9,74.6667,67.91,47,0,4.09,clear sky
372,Cayenne,GF,4.9333,-52.3333,82.09,84,20,3.0,few clouds
373,Richards Bay,ZA,-28.783,32.0377,65.95,81,100,4.97,overcast clouds
374,Hualmay,PE,-11.0964,-77.6139,64.11,83,17,8.57,few clouds
375,Manbij,SY,36.5281,37.9549,54.37,24,60,6.02,broken clouds
376,Bolkhov,RU,53.4433,36.0044,40.84,89,100,13.13,light rain
377,Uberlandia,BR,-18.9186,-48.2772,70.81,83,40,14.97,scattered clouds
378,Camana,PE,-16.6228,-72.7111,66.29,77,26,6.33,scattered clouds
379,Ventspils,LV,57.3894,21.5606,53.53,100,90,11.5,overcast clouds
380,Porto Torres,IT,40.835,8.3972,57.38,77,100,5.77,overcast clouds
381,Ambilobe,MG,-13.2,49.05,70.52,86,64,1.16,broken clouds
382,Kashan,IR,33.9831,51.4364,52.7,45,6,6.64,clear sky
383,Saint-Augustin,CA,51.226,-58.6502,37.71,79,6,2.64,clear sky
384,Verkhnetulomskiy,RU,68.6073,31.7962,8.73,90,10,2.59,clear sky
385,Kargasok,RU,59.0556,80.8572,22.91,96,70,6.91,broken clouds
386,Bonavista,CA,48.6499,-53.1147,40.12,65,100,14.67,overcast clouds
387,Gunjur,GM,13.2019,-16.7339,82.47,83,99,3.44,overcast clouds
388,Boksitogorsk,RU,59.474,33.8485,40.6,93,100,5.3,light rain
389,Tocopilla,CL,-22.092,-70.1979,64.98,65,4,1.3,clear sky
390,Shache,CN,38.4167,77.2406,48.11,36,100,3.15,overcast clouds
391,Magole,TZ,-6.3667,37.3667,70.63,88,61,1.5,broken clouds
392,Carballo,ES,43.213,-8.691,54.55,81,23,5.79,few clouds
393,Itacoatiara,BR,-3.1431,-58.4442,73.99,96,100,1.9,overcast clouds
394,Caravelas,BR,-17.7125,-39.2481,73.63,87,24,6.93,few clouds
395,Uruguaiana,BR,-29.7547,-57.0883,76.93,47,0,9.22,clear sky
396,Guayaramerin,BO,-10.8368,-65.3614,72.64,97,85,2.26,overcast clouds
397,Aljezur,PT,37.3191,-8.8033,59.58,76,0,3.62,clear sky
398,Xapuri,BR,-10.6517,-68.5044,75.9,82,51,3.2,broken clouds
399,Ayolas,PY,-27.4,-56.9,70.02,64,0,6.8,clear sky
400,Nacimiento,CL,-37.5,-72.6667,56.75,76,0,4.61,clear sky
401,Yambio,SS,4.5721,28.3955,68.23,89,24,2.06,few clouds
402,Koregaon,IN,18.65,74.0833,70.38,62,31,5.08,scattered clouds
403,Kindu,CD,-2.95,25.95,69.84,99,100,1.34,light rain
404,Chornobay,UA,49.6708,32.3239,41.32,89,100,7.61,overcast clouds
405,Morgantown,US,39.6295,-79.9559,53.47,94,90,0.0,overcast clouds
406,Kharovsk,RU,59.9642,40.1912,39.52,95,100,6.76,light rain
407,Sarvar,HU,47.2539,16.9352,33.66,90,26,6.93,scattered clouds
408,Kasimov,RU,54.9411,41.3953,40.3,85,100,10.45,overcast clouds
409,Masumbwe,TZ,-3.6333,32.1833,73.94,53,97,8.39,overcast clouds
410,Atocha,BO,-20.9333,-66.2333,43.32,62,5,9.48,clear sky
411,Zaysan,KZ,47.4667,84.8667,46.18,59,94,2.17,overcast clouds
412,Teguise,ES,29.0605,-13.564,64.62,73,0,10.36,clear sky
413,Haukipudas,FI,65.1765,25.3523,33.85,95,100,13.8,overcast clouds
414,Sakakah,SA,29.9697,40.2064,69.37,36,2,0.89,clear sky
415,General Pico,AR,-35.6566,-63.7568,75.88,19,65,10.54,broken clouds
416,Westport,US,41.1415,-73.3579,56.75,87,75,4.0,broken clouds
417,Pinyug,RU,60.251,47.7842,34.14,97,100,9.33,light rain
418,Havre-Saint-Pierre,CA,50.2334,-63.5986,41.0,93,1,8.05,clear sky
419,Keta,GH,5.9179,0.9879,80.82,84,75,7.76,light rain
420,Vila Franca Do Campo,PT,37.7167,-25.4333,68.41,82,100,10.36,overcast clouds
421,Qesarya,IL,32.5189,34.9046,66.24,60,3,7.2,clear sky
422,Ashwaubenon,US,44.4822,-88.0701,50.14,78,90,4.0,overcast clouds
423,Parral,MX,26.9333,-105.6667,58.1,34,0,3.56,clear sky
424,Reitz,ZA,-27.8014,28.4273,53.87,92,100,6.51,overcast clouds
425,Berlevag,NO,70.8578,29.0864,30.45,66,36,15.7,scattered clouds
426,Baijiantan,CN,45.6333,85.1833,52.41,50,81,2.04,broken clouds
427,Murgab,TM,37.4966,61.9714,49.87,76,75,6.91,broken clouds
428,Hargeysa,SO,9.56,44.065,61.29,63,5,9.73,clear sky
429,Moyale,KE,3.5167,39.0584,65.37,86,6,3.36,light rain
430,Labytnangi,RU,66.6572,66.4183,16.14,95,100,9.28,light snow
431,Scarborough,GB,54.2797,-0.4044,59.07,82,100,7.0,overcast clouds
432,Surazh,RU,53.0175,32.3918,44.46,89,100,16.22,light rain
433,Puri,IN,19.8,85.85,77.52,82,100,15.5,overcast clouds
434,Tatarsk,RU,55.219,75.9828,30.61,58,100,11.5,overcast clouds
435,Vakhtan,RU,57.9659,46.6889,40.89,85,100,12.17,overcast clouds
436,Raudeberg,NO,61.9875,5.1352,53.2,91,100,5.01,overcast clouds
437,Cagliari,IT,39.245,9.0912,60.91,79,20,4.61,few clouds
438,Jalingo,NG,8.8833,11.3667,76.21,80,68,1.92,broken clouds
439,Kasempa,ZM,-13.4584,25.8338,68.49,67,98,8.66,overcast clouds
440,Aguada De Pasajeros,CU,22.385,-80.8508,77.14,85,52,4.14,broken clouds
441,Iacu,BR,-12.7672,-40.2117,73.35,78,9,5.39,clear sky
442,Kontagora,NG,10.3999,5.4695,75.96,72,86,2.21,light rain
443,Panguipulli,CL,-39.6333,-72.3333,49.71,95,6,0.81,clear sky
444,Nea Kallikratia,GR,40.3167,23.0667,53.87,62,0,2.68,clear sky
445,Strezhevoy,RU,60.7333,77.5889,13.98,95,99,6.38,overcast clouds
446,Balkhash,KZ,46.844,74.9804,36.21,87,20,13.42,few clouds
447,Zelenoborskiy,RU,66.845,32.3622,20.71,85,40,3.74,scattered clouds
448,Eydhafushi,MV,5.1033,73.0708,80.73,76,97,7.92,overcast clouds
449,Velizh,RU,55.6056,31.1967,49.53,94,100,12.15,light rain
450,Konskie,PL,51.1917,20.4061,47.98,86,83,5.08,broken clouds
451,Little Current,CA,45.9793,-81.9248,51.85,74,6,10.49,clear sky
452,Tingo Maria,PE,-9.2895,-76.0088,68.52,98,25,2.1,scattered clouds
453,Barsovo,RU,61.1667,73.1667,21.33,88,100,12.19,overcast clouds
454,Pangody,RU,65.85,74.4859,10.44,93,100,8.7,overcast clouds
455,Devli,IN,25.75,75.3833,69.33,51,0,0.98,clear sky
456,Mehamn,NO,71.0357,27.8492,29.28,74,17,16.17,few clouds
457,Raypur,IN,22.4108,88.5094,80.56,84,100,6.71,overcast clouds
458,Keti Bandar,PK,24.1447,67.4497,77.61,49,0,7.56,clear sky
459,Cwmbran,GB,51.6545,-3.0228,59.32,86,98,17.2,overcast clouds
460,Anaco,VE,9.4389,-64.4728,72.0,97,100,3.8,overcast clouds
461,Aksarka,RU,66.5606,67.7975,17.31,82,100,11.34,overcast clouds
462,Khanpur,PK,28.6453,70.6567,72.12,32,0,2.1,clear sky
463,Nova Ushytsya,UA,48.8372,27.2743,45.95,89,75,4.47,broken clouds
464,Sabzevar,IR,36.2126,57.6819,41.92,59,1,6.85,clear sky
465,Marsaxlokk,MT,35.8419,14.5431,68.07,94,20,25.32,moderate rain
466,Maragogi,BR,-9.0122,-35.2225,76.03,80,0,8.14,clear sky
467,Kokstad,ZA,-30.5472,29.4241,55.8,92,100,1.77,overcast clouds
468,Ostrovnoy,RU,68.0531,39.5131,30.56,61,100,12.73,overcast clouds
469,Urk,NL,52.6625,5.6014,52.97,85,58,16.28,broken clouds
470,Chokwe,MZ,-24.5333,32.9833,65.46,93,93,5.08,overcast clouds
471,Manono,CD,-7.3,27.4167,69.6,89,73,2.19,broken clouds
472,Mitu,CO,1.1983,-70.1733,71.51,99,100,0.96,overcast clouds
473,Limon,CR,10.0,-83.0333,80.29,78,100,1.72,overcast clouds
474,Walvis Bay,NA,-22.9575,14.5053,61.09,88,66,3.44,broken clouds
475,Portlethen,GB,57.0547,-2.1307,55.17,95,0,1.01,clear sky
476,Beneditinos,BR,-5.45,-42.3667,85.33,41,67,2.95,broken clouds
477,Karasjok,NO,69.4719,25.5112,24.91,94,100,5.84,overcast clouds
478,Natal,BR,-5.795,-35.2094,79.45,83,40,10.36,scattered clouds
479,Thunder Bay,CA,48.4001,-89.3168,49.28,82,90,17.27,overcast clouds
480,Chhuikhadan,IN,21.5333,80.9833,68.56,63,3,4.61,clear sky
481,Oktyabrskoye,RU,43.0645,44.7417,23.14,100,0,6.71,clear sky
482,Nokaneng,BW,-19.6667,22.2667,68.74,77,98,10.13,overcast clouds
483,Sinnamary,GF,5.3833,-52.95,77.81,88,14,7.38,few clouds
484,Najran,SA,17.4924,44.1277,61.45,29,1,0.67,clear sky
485,Oranjemund,NA,-28.55,16.4333,63.25,77,100,5.66,overcast clouds
486,Charlestown,AU,-32.95,151.6667,93.22,47,60,5.01,broken clouds
487,Sao Gabriel Da Cachoeira,BR,-0.1303,-67.0892,72.77,99,100,2.55,light rain
488,Ullapool,GB,57.8987,-5.1604,51.35,88,100,5.84,overcast clouds
489,Balsas,BR,-7.5325,-46.0356,81.93,42,31,3.13,scattered clouds
490,Dagana,MR,16.5165,-15.5068,85.68,35,64,15.93,broken clouds
491,Kismayo,SO,-0.3582,42.5454,78.13,79,9,12.24,clear sky
492,Roald,NO,62.5833,6.1333,54.34,87,40,10.36,scattered clouds
493,Changji,CN,44.0167,87.3167,45.39,49,0,4.47,clear sky
494,Pulawy,PL,51.4166,21.9694,49.95,90,88,1.01,overcast clouds
495,Belyy Yar,RU,53.6039,91.3903,19.29,79,0,0.0,clear sky
496,Hof,DE,50.3167,11.9167,43.5,91,12,1.99,few clouds
497,Marsa Matruh,EG,31.3525,27.2453,70.0,94,5,5.75,clear sky
498,La Sarre,CA,48.8002,-79.1996,39.24,77,83,5.57,broken clouds
499,Mezhdurechensk,RU,53.6942,88.0603,29.55,81,100,1.59,overcast clouds
500,Omboue,GA,-1.5746,9.2618,74.03,94,100,4.5,overcast clouds
501,Puerto Carreno,CO,6.189,-67.4859,74.34,95,92,1.74,overcast clouds
502,Contamana,PE,-7.3333,-75.0167,75.69,70,66,1.86,broken clouds
503,Thinadhoo,MV,0.5333,72.9333,82.45,74,50,12.71,scattered clouds
504,Ibadan,NG,7.3878,3.8964,71.94,99,54,2.84,broken clouds
505,Gwadar,PK,25.1216,62.3254,77.23,57,0,1.52,clear sky
506,Armizonskoye,RU,55.9461,67.6736,30.69,75,100,14.03,overcast clouds
507,Yugorsk,RU,61.3133,63.3319,29.53,97,100,7.29,light snow
508,Akkermanovka,RU,51.2467,58.2391,28.18,61,24,15.52,few clouds
509,Chistogorskiy,RU,53.9835,87.3843,28.76,62,98,2.57,overcast clouds
510,Monte Patria,CL,-30.6919,-70.9467,69.67,52,7,1.14,clear sky
511,Gazanjyk,TM,39.2446,55.5154,42.33,78,5,8.46,clear sky
512,Beberibe,BR,-4.1797,-38.1306,80.64,79,57,14.0,broken clouds
513,Plymouth,US,41.8334,-70.8328,51.03,93,90,23.02,mist
514,Beloha,MG,-25.1667,45.05,64.94,69,86,14.54,overcast clouds
515,Floriano,BR,-6.7669,-43.0225,85.91,34,93,4.59,overcast clouds
516,Santarem,BR,-2.4431,-54.7083,73.53,100,0,2.3,clear sky
517,Loralai,PK,30.3705,68.598,51.98,20,0,3.4,clear sky
518,Beyneu,KZ,45.3167,55.2,34.27,54,0,2.46,clear sky
519,Mangrol,IN,21.1167,70.1167,77.43,56,1,10.22,clear sky
520,Mogadishu,SO,2.0371,45.3438,79.02,83,13,11.95,few clouds
521,Hemnesberget,NO,66.2333,13.6333,49.66,95,100,3.47,overcast clouds
522,Menongue,AO,-14.6585,17.691,63.66,79,99,3.33,overcast clouds
523,Nampula,MZ,-15.1165,39.2666,71.55,78,75,14.97,broken clouds
524,Buarcos,PT,40.166,-8.8768,53.78,65,1,3.71,clear sky
525,Kingisepp,RU,59.3733,28.6134,46.17,91,100,12.59,overcast clouds
526,Travnik,BA,44.2267,17.6706,31.71,91,5,0.72,clear sky
527,Olhao,PT,37.0286,-7.8411,62.49,72,0,9.22,clear sky
528,Plettenberg Bay,ZA,-34.0527,23.3716,66.49,87,100,5.37,overcast clouds
529,Nara,JP,34.6851,135.8049,70.5,36,0,11.41,clear sky
530,Trollhattan,SE,58.2333,12.4167,55.17,94,90,11.5,drizzle
531,Bangassou,CF,4.7413,22.8184,68.38,98,100,0.94,overcast clouds
532,Candido De Abreu,BR,-24.5669,-51.3333,66.34,95,100,3.65,overcast clouds
533,Dubasari,MD,47.2631,29.1608,46.29,87,31,3.58,scattered clouds
534,Torata,PE,-17.0769,-70.8433,56.77,55,0,1.95,clear sky
535,Narok,KE,-1.0783,35.8601,56.48,96,49,5.97,scattered clouds
536,Goderich,CA,43.7501,-81.7165,49.91,93,3,4.61,clear sky
537,Nsanje,MW,-16.92,35.262,69.78,88,51,3.49,broken clouds
538,Gambela,ET,8.25,34.5833,71.24,84,87,2.98,overcast clouds
539,Pinos Puente,ES,37.2511,-3.7497,60.57,82,0,1.01,clear sky
540,Baringo,KE,0.4667,35.9667,71.65,58,87,5.66,overcast clouds
541,Gat,IL,31.61,34.7642,68.4,47,7,1.36,clear sky
542,San Ramon,US,37.7799,-121.978,68.92,79,0,1.01,clear sky
543,Jutai,BR,-5.1833,-68.9,73.11,91,100,2.42,light rain
544,Tucuma,BR,-0.1833,-50.05,79.41,77,28,8.81,scattered clouds
545,Amarkantak,IN,22.6667,81.75,60.6,62,0,4.34,clear sky
546,Diamantino,BR,-14.4086,-56.4461,73.74,91,77,3.47,broken clouds
547,Adre,TD,13.4667,22.2,73.45,20,52,10.87,broken clouds
548,Mazara Del Vallo,IT,37.6641,12.588,64.35,99,100,2.46,overcast clouds
549,Lazurne,UA,46.084,32.5295,47.95,78,0,3.69,clear sky
550,Puerto Suarez,BO,-18.95,-57.8,77.52,74,96,4.25,overcast clouds
551,Hirapur,IN,21.5333,79.7667,66.2,71,0,5.46,clear sky
552,Pimentel,PE,-6.8367,-79.9342,63.25,87,84,13.02,broken clouds
553,Joao Pinheiro,BR,-17.7425,-46.1725,75.88,56,100,11.23,overcast clouds
554,Bistret,RO,43.9,23.5,35.62,80,3,1.61,clear sky
555,Kariba,ZW,-16.5167,28.8,74.17,56,95,6.29,overcast clouds
556,Gravdal,NO,68.1214,13.5031,39.88,96,100,18.45,moderate rain
557,Hauterive,FR,46.0901,3.4459,43.56,82,0,4.76,clear sky
558,Codrington,AU,-38.2667,141.9667,58.44,83,100,14.07,overcast clouds
559,Chateaudun,FR,48.0833,1.3333,46.54,82,4,6.87,clear sky
560,Daska,PK,32.3243,74.3497,60.78,54,0,1.66,clear sky
561,Lamballe,FR,48.4676,-2.5144,55.08,93,68,11.81,broken clouds
562,Yarada,IN,17.65,83.2667,82.72,65,40,2.3,haze
563,Baracoa,CU,20.3467,-74.4958,77.31,87,16,3.74,few clouds
564,Pombal,BR,-6.7703,-37.8017,83.08,45,0,12.3,clear sky
565,Rivadavia,AR,-33.1905,-68.4608,79.27,23,54,8.1,broken clouds
566,Lekoni,GA,-1.5843,14.2591,69.21,93,100,3.18,light rain
567,Kayseri,TR,38.737,35.4968,44.62,53,75,0.0,broken clouds
568,Rumphi,MW,-11.0186,33.8575,66.45,76,7,4.47,clear sky
569,Sidi Ali,DZ,36.0998,0.4206,59.88,78,100,3.62,overcast clouds
570,Marsh Harbour,BS,26.5412,-77.0636,78.55,58,69,9.24,broken clouds
571,Mango,US,27.9797,-82.3065,77.02,89,1,0.0,clear sky
572,Edgewater,US,28.9889,-80.9023,71.98,63,64,2.24,broken clouds
573,Dalvik,IS,65.9702,-18.5286,33.73,99,100,6.87,overcast clouds
574,Beni Suef,EG,29.0731,31.0979,74.1,34,64,2.21,broken clouds
575,Aksu,CN,41.1231,80.2644,48.36,41,97,2.51,overcast clouds
576,Goure,NE,13.9835,10.2704,82.02,14,0,6.85,clear sky
577,Sainte-Marie,RE,-20.8968,55.5496,71.73,76,90,5.75,overcast clouds
578,Kangaatsiaq,GL,68.3065,-53.4641,21.87,80,100,7.76,overcast clouds
579,The Valley,AI,18.217,-63.0578,82.26,64,0,5.21,clear sky
580,Havelock,US,34.8791,-76.9013,61.93,91,1,0.0,clear sky
581,Mirandopolis,BR,-21.1336,-51.1017,71.69,91,100,9.89,overcast clouds
582,Bereznik,RU,62.8551,42.7072,27.64,87,100,9.46,overcast clouds
583,Kamenka,RU,51.3223,42.7678,37.17,60,93,7.96,overcast clouds
584,Bartica,GY,6.4,-58.6167,77.32,99,70,1.7,broken clouds
585,Itarema,BR,-2.9248,-39.9167,79.81,81,62,15.14,broken clouds
586,Arvika,SE,59.6553,12.5852,54.21,93,100,11.59,overcast clouds
587,Turayf,SA,31.6725,38.6637,57.45,47,0,11.5,clear sky
588,Karasburg,NA,-28.0167,18.75,68.38,49,75,6.64,broken clouds
589,Guasdualito,VE,7.2424,-70.7324,72.48,98,100,1.25,moderate rain
590,Trairi,BR,-3.2778,-39.2689,79.84,79,35,12.24,scattered clouds
591,Litomerice,CZ,50.5335,14.1318,50.74,99,14,2.42,few clouds
592,Saint-Joseph,RE,-21.3667,55.6167,70.16,75,9,2.37,clear sky
593,Dakar,SN,14.6937,-17.4441,81.48,79,84,13.4,broken clouds
594,Marck,FR,50.949,1.9433,55.94,80,49,14.45,scattered clouds
595,Sorland,NO,67.667,12.6934,49.23,88,100,29.66,overcast clouds
596,Nouadhibou,MR,20.931,-17.0347,67.98,77,16,18.41,few clouds
597,Saint-Louis,SN,16.3333,-15.0,86.09,30,92,16.35,overcast clouds
598,Zabid,YE,14.1951,43.3152,81.61,51,2,3.27,clear sky
599,Buraydah,SA,26.326,43.975,72.05,18,100,11.92,overcast clouds
600,Stege,DK,54.987,12.2846,56.05,86,100,17.92,overcast clouds
601,Kidal,ML,18.4411,1.4078,82.49,17,71,9.8,broken clouds
602,Damaturu,NG,11.747,11.9608,79.66,16,88,5.53,overcast clouds
603,Pinsk,BY,52.1229,26.0951,45.48,86,91,10.51,overcast clouds
604,Kuzino,RU,57.0224,59.4412,31.89,80,100,13.71,overcast clouds
605,Nortelandia,BR,-14.4547,-56.8028,74.07,87,41,1.32,scattered clouds
606,Owando,CG,-0.4819,15.8999,68.14,98,99,2.73,overcast clouds
607,Mount Pleasant,US,32.7941,-79.8626,55.54,93,1,0.0,clear sky
608,Sept-Iles,CA,50.2001,-66.3821,28.83,100,1,2.3,clear sky
609,Kostino,RU,58.9097,53.2691,33.67,97,100,8.86,light rain
610,Rotherham,GB,53.4301,-1.3568,59.79,82,100,18.16,overcast clouds
611,Waddan,LY,29.1614,16.139,67.41,52,68,2.13,broken clouds
612,Uvira,CD,-3.4067,29.1458,73.31,81,71,4.72,light rain
613,Potosi,BO,-19.5836,-65.7531,44.04,59,48,5.95,scattered clouds
614,Orocue,CO,4.7912,-71.3354,74.16,94,99,3.85,overcast clouds
615,Laishevo,RU,55.4046,49.5504,41.22,97,100,16.58,light rain
616,Kasongo,CD,-4.45,26.6667,65.79,97,39,0.87,scattered clouds
617,Imbituba,BR,-28.24,-48.6703,71.49,96,98,6.55,overcast clouds
618,Baherden,TM,38.4362,57.4316,44.44,75,46,3.04,scattered clouds
619,Gbarnga,LR,6.9956,-9.4722,70.52,100,89,2.01,overcast clouds
620,Gunzburg,DE,48.45,10.2667,45.59,94,40,1.74,scattered clouds
621,Villaviciosa,ES,43.4813,-5.4357,56.82,90,4,4.07,clear sky
622,West Bay,KY,19.3667,-81.4167,84.27,74,20,1.99,few clouds
623,Quatre Cocos,MU,-20.2078,57.7625,70.09,68,0,7.87,clear sky
624,Tarko-Sale,RU,64.9225,77.785,3.83,97,52,7.27,broken clouds
625,Kattivakkam,IN,13.2167,80.3167,80.69,77,100,14.25,overcast clouds
626,Petrila,RO,45.45,23.4167,25.66,69,24,3.18,few clouds
627,Necochea,AR,-38.5473,-58.7368,65.03,74,0,10.74,clear sky
628,Torit,SS,4.4133,32.5678,72.12,68,37,2.64,scattered clouds
629,Pinega,RU,64.7001,43.3936,22.87,88,99,10.18,overcast clouds
630,Gijon,ES,43.5357,-5.6615,56.66,90,5,3.87,clear sky
631,Puerto Quijarro,BO,-17.7833,-57.7667,79.63,61,100,1.72,overcast clouds
632,Cheremshan,RU,54.6667,51.5,33.21,94,100,15.17,snow
633,Umm Lajj,SA,25.0213,37.2685,78.12,58,0,3.31,clear sky
634,Terenos,BR,-20.4422,-54.8603,82.11,65,75,8.05,broken clouds
635,Santa Luzia,BR,-19.7697,-43.8514,76.1,62,0,14.97,clear sky
636,Nefteyugansk,RU,61.0998,72.6035,21.45,94,100,15.43,light snow
637,Bengkulu,ID,-3.8004,102.2655,79.79,74,100,2.17,overcast clouds
638,Gidole,ET,5.65,37.3667,55.38,84,57,2.3,light rain
639,Northampton,US,40.8754,-75.2499,56.34,81,85,3.78,overcast clouds
640,Kirn,DE,49.7833,7.45,48.99,88,15,1.68,few clouds
641,Marrakesh,MA,31.6315,-8.0083,62.67,77,40,4.61,scattered clouds
642,Tyumentsevo,RU,53.3224,81.498,27.14,56,80,5.82,broken clouds
643,Zyrardow,PL,52.0488,20.446,53.4,94,88,8.1,overcast clouds
644,Vallenar,CL,-28.5708,-70.7581,67.39,46,10,2.01,clear sky
645,Grindu,RO,44.7667,26.9167,37.72,56,8,4.0,clear sky
646,Olafsvik,IS,64.8945,-23.7142,39.97,91,100,28.59,overcast clouds
647,Rudnya,RU,54.947,31.0934,49.05,92,100,16.96,light rain
648,Sawakin,SD,19.1059,37.3321,82.87,80,7,5.32,clear sky
649,Bereda,ES,43.2686,-7.5406,51.01,100,1,2.55,clear sky
650,Tabou,CI,4.423,-7.3528,76.95,89,64,3.98,broken clouds
651,Aranos,NA,-24.1333,19.1167,63.77,69,82,13.4,broken clouds
652,Ilheus,BR,-14.7889,-39.0494,75.02,94,75,9.22,broken clouds
653,Ribeira Brava,PT,32.65,-17.0667,68.72,68,15,2.93,few clouds
654,Maniitsoq,GL,65.4167,-52.9,31.1,50,99,5.68,overcast clouds
655,Wekiva Springs,US,28.6986,-81.4256,71.8,82,1,0.0,clear sky
656,Rathdrum,US,47.8137,-116.892,51.22,69,20,9.22,few clouds
657,Turukhansk,RU,65.8167,87.9833,-0.29,98,91,6.53,overcast clouds
658,Chirongui,YT,-12.9319,45.1483,75.13,73,6,1.43,clear sky
659,Jumla,NP,29.2747,82.1838,49.28,43,0,2.19,clear sky
660,Baindur,IN,13.8667,74.6333,76.17,68,61,6.67,broken clouds
661,Isiro,CD,2.7739,27.616,64.47,98,95,2.08,overcast clouds
662,Itaobim,BR,-16.5667,-41.8333,70.27,84,15,4.72,few clouds
663,Chimbote,PE,-9.0853,-78.5783,62.91,85,60,5.12,broken clouds
664,Dembi Dolo,ET,8.5333,34.8,57.51,85,84,3.89,broken clouds
665,Estelle,US,29.8458,-90.1067,75.0,85,100,5.01,overcast clouds
666,Surt,LY,31.2089,16.5887,71.31,75,0,13.38,clear sky
667,Moron,AR,-34.6534,-58.6198,80.01,51,0,6.31,clear sky
668,Oytal,KZ,42.9057,73.2697,49.46,57,100,0.69,overcast clouds
669,Andenes,NO,69.3143,16.1194,37.38,70,90,25.32,light rain
670,Sapele,NG,5.8941,5.6767,75.06,95,74,2.1,broken clouds
671,Iskateley,RU,67.6803,53.1512,19.65,86,100,9.69,overcast clouds
672,Voskresenskoye,RU,56.8381,45.4317,42.12,82,96,11.14,overcast clouds
673,Antofagasta,CL,-23.65,-70.4,60.08,71,39,4.32,scattered clouds
674,Shush,IR,32.1942,48.2436,70.18,21,0,3.38,clear sky
675,Nioro,GM,13.35,-15.75,78.17,82,89,5.68,overcast clouds
676,Oranjestad,AW,12.524,-70.027,82.35,83,40,17.27,scattered clouds
677,Manacapuru,BR,-3.2997,-60.6206,73.98,87,100,1.1,heavy intensity rain
678,Bolshevik,BY,54.0065,27.5692,51.42,86,100,16.58,overcast clouds
679,Curaca,BR,-8.9903,-39.9094,80.4,49,26,20.65,scattered clouds
680,Madimba,TZ,-10.4,40.3333,73.17,92,24,5.95,few clouds
681,Novoagansk,RU,61.9449,76.6625,14.41,95,99,6.64,overcast clouds
682,Rosaryville,US,38.7568,-76.8097,62.42,87,1,5.75,clear sky
683,Harper,LR,4.375,-7.7169,76.96,88,94,4.76,overcast clouds
684,Corinto,GR,37.9407,22.9573,59.9,75,28,5.64,scattered clouds
685,Shieli,KZ,44.1667,66.75,41.29,61,85,7.63,overcast clouds
686,Inndyr,NO,67.0338,14.0276,36.77,85,100,14.23,overcast clouds
687,Stornoway,GB,58.2093,-6.3865,53.92,87,40,14.97,light rain
688,Rabo De Peixe,PT,37.8,-25.5833,67.51,77,20,13.8,few clouds
689,Weligama,LK,5.9667,80.4167,78.48,85,77,6.93,broken clouds
690,Gamba,GA,-2.65,10.0,74.21,92,100,4.09,overcast clouds
691,Hit,IQ,33.6416,42.8251,66.58,40,9,0.2,clear sky
692,Kijini,TZ,-5.85,39.3167,74.93,81,86,4.12,overcast clouds
693,Ouallam,NE,14.3188,2.0866,86.27,25,42,7.36,scattered clouds
694,Sycamore,US,41.9889,-88.6868,49.82,82,1,3.0,clear sky
695,Yei,SS,4.095,30.6779,67.78,87,52,1.7,broken clouds
696,Manicore,BR,-5.8092,-61.3003,74.44,93,97,0.58,overcast clouds
697,Sillanwali,PK,31.8261,72.5398,67.35,37,0,3.33,clear sky
698,Jhelum,PK,32.9331,73.7264,63.79,54,0,2.68,clear sky
699,Fethiye,TR,36.6217,29.1164,60.67,72,100,2.82,overcast clouds
700,San Lorenzo,PY,-25.3333,-57.5333,79.74,50,72,6.91,broken clouds
701,Tucurui,BR,-3.7661,-49.6725,76.19,87,78,3.83,broken clouds
702,Rosita,NI,13.9268,-84.4032,74.03,94,78,1.3,broken clouds
703,Usinsk,RU,65.9939,57.5281,22.37,96,100,13.27,snow
704,Takoradi,GH,4.8845,-1.7554,77.05,89,18,5.95,light rain
